-- Insertar datos en la tabla cliente
INSERT INTO ObjBanco.cliente (DNI, Telefono, Nombre, Apellidos, Edad, Direccion, Email)
VALUES
  ('1111111111', 987654321, 'María', 'González', 25, 'Calle Alegria 123', 'maria@example.com'),
  ('2222222222', 123456789, 'Luis', 'Martínez', 40, 'Av. Libertad 456', 'luis@example.com'),
  ('3333333333', 555555555, 'Ana', 'Sánchez', 35, 'Calle Sol 789', 'ana@example.com'),
  ('4444444444', 999999999, 'Pedro', 'López', 50, 'Av. Esperanza 101', 'pedro@example.com'),
  ('5555555555', 777777777, 'Laura', 'Díaz', 28, 'Calle Paz 11', 'laura@example.com'),
  ('6666666666', 666666666, 'Juan', 'Pérez', 30, 'Calle Luna 456', 'juan@example.com'),
  ('7777777777', 777777777, 'Sofía', 'García', 33, 'Av. Estrella 789', 'sofia@example.com'),
  ('8888888888', 888888888, 'Carlos', 'Rodríguez', 40, 'Calle Marte 123', 'carlos@example.com'),
  ('9999999999', 999999999, 'Isabel', 'Fernández', 45, 'Av. Venus 456', 'isabel@example.com'),
  ('0000000000', 100000000, 'Javier', 'Gómez', 50, 'Calle Júpiter 789', 'javier@example.com'),
  ('1111111112', 111111112, 'Carmen', 'Ruiz', 55, 'Av. Saturno 123', 'carmen@example.com'),
  ('2222222223', 222222223, 'Manuel', 'Morales', 60, 'Calle Urano 456', 'manuel@example.com'),
  ('3333333334', 333333334, 'Teresa', 'Guerrero', 65, 'Av. Neptuno 789', 'teresa@example.com'),
  ('4444444445', 444444445, 'Ricardo', 'Peña', 70, 'Calle Plutón 123', 'ricardo@example.com'),
  ('5555555556', 555555556, 'Rosa', 'Torres', 75, 'Av. Mercurio 456', 'rosa@example.com');

-- Insertar datos en la tabla Oficina
INSERT INTO ObjBanco.Oficina (Codigo, Direccion, Telefono)
VALUES
  (1110, 'Calle Mayor 789', 111111111),
  (1112, 'Av. Reina 456', 222222222),
  (1113, 'Calle Norte 123', 333333333),
  (1114, 'Av. Sur 789', 444444444),
  (1115, 'Calle Este 101', 555555555),
  (1116, 'Calle Oeste 789', 666666666),
  (1117, 'Av. Centro 456', 777777777),
  (1118, 'Calle Sur 123', 888888888),
  (1119, 'Av. Este 789', 999999999),
  (1120, 'Calle Norte 101', 100000000),
  (1121, 'Av. Sur 123', 111111112),
  (1122, 'Calle Este 456', 222222223),
  (1123, 'Av. Norte 789', 333333334),
  (1124, 'Calle Sur 101', 444444445),
  (1125, 'Av. Este 123', 555555556);

  -- Insertar datos en la tabla de cuentas de transferencia
INSERT INTO ObjBanco.cuentaCorriente (IBAN, Saldo, FechaCreacion, Oficina)
VALUES
  ('ES11111111111111111111111111111111', 0.00, '2024-01-01', 1110),
  ('ES22222222222222222222222222222222', 0.00, '2024-01-02', 1112),
  ('ES55555555555555555555555555555511', 0.00, '2024-01-05', 1113),
  ('ES66666666666666666666666666666666', 0.00, '2024-01-06', 1114),
  ('ES77777777777777777777777777777777', 0.00, '2024-01-07', 1115),
  ('ES88888888888888888888888888888888', 0.00, '2024-01-08', 1116),
  ('ES99999999999999999999999999999999', 0.00, '2024-01-09', 1117),
  ('ES00000000000000000000000000000000', 0.00, '2024-01-10', 1118),
  ('ES11111111111111111111111111111112', 0.00, '2024-01-11', 1119),
  ('ES22222222222222222222222222222223', 0.00, '2024-01-12', 1120),
  ('ES33333333333333333333333333333334', 0.00, '2024-01-13', 1121),
  ('ES44444444444444444444444444444445', 0.00, '2024-01-14', 1122);

  -- Insertar datos en la tabla de cuentas de transferencia
INSERT INTO ObjBanco.cuentaAhorro (IBAN, Saldo, FechaCreacion, Interes)
VALUES
  ('ES33333333333333333333333333333333', 0.00, '2024-01-03', 2.00),
  ('ES44444444444444444444444444444444', 0.00, '2024-01-04', 0.75),
  ('ES55555555555555555555555555555555', 0.00, '2024-01-05', 1.50),
  ('ES55555555555555555555555555555556', 0.00, '2024-01-15', 2.25),
  ('ES66666666666666666666666666666667', 0.00, '2024-01-16', 2.50),
  ('ES77777777777777777777777777777778', 0.00, '2024-01-17', 2.75),
  ('ES88888888888888888888888888888889', 0.00, '2024-01-18', 3.00),
  ('ES99999999999999999999999999999990', 0.00, '2024-01-19', 3.25),
  ('ES00000000000000000000000000000001', 0.00, '2024-01-20', 3.50),
  ('ES11111111111111111111111111111113', 0.00, '2024-01-21', 3.75),
  ('ES22222222222222222222222222222224', 0.00, '2024-01-22', 4.00),
  ('ES33333333333333333333333333333335', 0.00, '2024-01-23', 4.25),
  ('ES44444444444444444444444444444446', 0.00, '2024-01-24', 4.50);

-- Insertar datos en la tabla Posee
INSERT INTO ObjBanco.Posee (DNI, IBAN)
VALUES
  ('1111111111', 'ES11111111111111111111111111111111'),
  ('2222222222', 'ES22222222222222222222222222222222'),
  ('3333333333', 'ES33333333333333333333333333333333'),
  ('4444444444', 'ES44444444444444444444444444444444'),
  ('5555555555', 'ES55555555555555555555555555555555'),
  ('6666666666', 'ES55555555555555555555555555555555'),
  ('7777777777', 'ES66666666666666666666666666666666'),
  ('8888888888', 'ES77777777777777777777777777777777'),
  ('9999999999', 'ES88888888888888888888888888888888'),
  ('0000000000', 'ES99999999999999999999999999999999'),
  ('1111111112', 'ES00000000000000000000000000000000'),
  ('2222222223', 'ES11111111111111111111111111111112'),
  ('3333333334', 'ES22222222222222222222222222222223'),
  ('4444444445', 'ES33333333333333333333333333333334'),
  ('5555555556', 'ES44444444444444444444444444444445');

-- Insertar datos en la tabla Ingreso
INSERT INTO ObjBanco.Ingreso (NumeroOperacion, Fecha, Importe, Descripcion, CuentaOrigen, Oficina)
VALUES
  (26, '2024-03-01', 1000.00, 'Ingreso de nómina', 'ES11111111111111111111111111111111', 1110),
  (27, '2024-03-02', 800.00, 'Ingreso de nómina', 'ES33333333333333333333333333333333', 1112),
  (28, '2024-03-03', 1200.00, 'Ingreso de nómina', 'ES44444444444444444444444444444444', 1110),
  (29, '2024-03-04', 1500.00, 'Ingreso de nómina', 'ES55555555555555555555555555555555', 1110),
  (30, '2024-03-11', 1700.00, 'Ingreso de nómina', 'ES22222222222222222222222222222223', 1110),
  (31, '2024-03-12', 1800.00, 'Ingreso de nómina', 'ES33333333333333333333333333333334', 1110),
  (32, '2024-03-13', 1900.00, 'Ingreso de nómina', 'ES44444444444444444444444444444445', 1110),
  (34, '2024-03-13', 2100.00, 'Ingreso de nómina', 'ES77777777777777777777777777777777', 1110),
  (35, '2024-03-13', 2100.00, 'Ingreso de nómina', 'ES99999999999999999999999999999999', 1110),
  (36, '2024-03-13', 2100.00, 'Ingreso de nómina', 'ES11111111111111111111111111111112', 1110),
  (37, '2024-03-13', 2100.00, 'Ingreso de nómina', 'ES77777777777777777777777777777778', 1110),
  (38, '2024-03-13', 2100.00, 'Ingreso de nómina', 'ES99999999999999999999999999999990', 1110),
  (39, '2024-03-13', 2100.00, 'Ingreso de nómina', 'ES11111111111111111111111111111113', 1110),
  (40, '2024-03-13', 2100.00, 'Ingreso de nómina', 'ES33333333333333333333333333333335', 1110),
  (33, '2024-03-14', 2000.00, 'Ingreso de nómina', 'ES55555555555555555555555555555556', 1110);

-- Insertar datos en la tabla Transferencia
INSERT INTO ObjBanco.Transferencia (NumeroOperacion, Fecha, Importe, Descripcion, CuentaOrigen, CuentaDestino)
VALUES
  (1, '2024-01-01', 800.00, 'Transferencia de prueba', 'ES11111111111111111111111111111111', 'ES22222222222222222222222222222222'),
  (2, '2024-01-02', 300.00, 'Transferencia de prueba', 'ES33333333333333333333333333333333', 'ES11111111111111111111111111111111'),
  (3, '2024-01-03', 700.00, 'Transferencia de prueba', 'ES55555555555555555555555555555555', 'ES44444444444444444444444444444444'),
  (4, '2024-01-04', 400.00, 'Transferencia de prueba', 'ES44444444444444444444444444444444', 'ES33333333333333333333333333333333'),
  (5, '2024-01-05', 600.00, 'Transferencia de prueba', 'ES22222222222222222222222222222222', 'ES55555555555555555555555555555555'),
  (6, '2024-01-06', 600.00, 'Transferencia de prueba', 'ES55555555555555555555555555555555', 'ES66666666666666666666666666666666'),
  (7, '2024-01-07', 700.00, 'Transferencia de prueba', 'ES77777777777777777777777777777777', 'ES88888888888888888888888888888888'),
  (8, '2024-01-08', 800.00, 'Transferencia de prueba', 'ES99999999999999999999999999999999', 'ES00000000000000000000000000000000'),
  (9, '2024-01-09', 900.00, 'Transferencia de prueba', 'ES11111111111111111111111111111112', 'ES22222222222222222222222222222223'),
  (10, '2024-01-10', 1000.00, 'Transferencia de prueba', 'ES33333333333333333333333333333334', 'ES44444444444444444444444444444445'),
  (11, '2024-01-11', 1100.00, 'Transferencia de prueba', 'ES55555555555555555555555555555556', 'ES66666666666666666666666666666667'),
  (12, '2024-01-12', 1200.00, 'Transferencia de prueba', 'ES77777777777777777777777777777778', 'ES88888888888888888888888888888889'),
  (13, '2024-01-13', 1300.00, 'Transferencia de prueba', 'ES99999999999999999999999999999990', 'ES00000000000000000000000000000001'),
  (14, '2024-01-14', 1400.00, 'Transferencia de prueba', 'ES11111111111111111111111111111113', 'ES22222222222222222222222222222224'),
  (15, '2024-01-15', 1500.00, 'Transferencia de prueba', 'ES33333333333333333333333333333335', 'ES44444444444444444444444444444446');


-- Insertar datos en la tabla Retirada
INSERT INTO ObjBanco.Retirada (NumeroOperacion, Fecha, Importe, Descripcion, CuentaOrigen, Oficina)
VALUES
  (16, '2024-02-01', 200.00, 'Retiro de efectivo', 'ES11111111111111111111111111111111', 1110),
  (17, '2024-02-02', 150.00, 'Retiro de efectivo', 'ES33333333333333333333333333333333', 1110),
  (18, '2024-02-03', 250.00, 'Retiro de efectivo', 'ES44444444444444444444444444444444', 1120),
  (19, '2024-02-04', 180.00, 'Retiro de efectivo', 'ES55555555555555555555555555555555', 1120),
  (20, '2024-02-09', 250.00, 'Retiro de efectivo', 'ES00000000000000000000000000000000', 1119),
  (21, '2024-02-10', 260.00, 'Retiro de efectivo', 'ES11111111111111111111111111111112', 1118),
  (22, '2024-02-11', 270.00, 'Retiro de efectivo', 'ES22222222222222222222222222222223', 1117),
  (23, '2024-02-12', 280.00, 'Retiro de efectivo', 'ES33333333333333333333333333333334', 1114),
  (24, '2024-02-13', 290.00, 'Retiro de efectivo', 'ES44444444444444444444444444444445', 1116),
  (25, '2024-02-14', 300.00, 'Retiro de efectivo', 'ES55555555555555555555555555555556', 1115);




-- Consulta que muestra las cuentas de ahorro con un interes mayor a 3 ordenadas por interes de forma descendente
SELECT *
FROM ObjBanco.cuentaAhorro
WHERE interes > 3
ORDER BY interes DESC;

-- Consulta que muestra las oficinas y cantidad de cuentas corrientes con un saldo mayor a 1000
SELECT Oficina, COUNT(*) as "Número de cuentas"
FROM ObjBanco.cuentaCorriente
WHERE Saldo > 1000
GROUP BY Oficina
ORDER BY Oficina DESC;

-- Consulta que muestra las operaciones ordenadas por importe de forma descendente limitando el resultado a 5
SELECT *
FROM ObjBanco.Operacion
ORDER BY Importe DESC
LIMIT 5;

